game_symbol, game_name
Game_of_Thrones_(2014_video_game), Game of Thrones
Child_of_Light, Child of Light
NBA_2K17, NBA 2K17
Wonder_Boy_(video_game), Wonder Boy
Far_Cry_Primal, Far Cry Primal
Sportsfriends, Sportsfriends
Gods_Eater_Burst, Gods Eater Burst
Kingdom_Under_Fire_II, Kingdom Under Fire II
Zettai_Zetsumei_Toshi_4:_Summer_Memories, Zettai Zetsumei Toshi 4: Summer Memories
Mirror's_Edge_Catalyst, Mirror's Edge Catalyst
Ninja-Kid, Ninja-Kid
Rive_(video_game), Rive
Foul_Play_(video_game), Foul Play
Stardew_Valley, Stardew Valley
Rockets_Rockets_Rockets, Rockets Rockets Rockets
Sword_Coast_Legends, Sword Coast Legends
Uncharted_3:_Drake's_Deception, Uncharted 3: Drake's Deception
Disney_Infinity:_Marvel_Super_Heroes, Disney Infinity: Marvel Super Heroes
Dark_Souls_III, Dark Souls III
Pure_Pool, Pure Pool
A_Jax, A Jax
Hardware:_Rivals, Hardware: Rivals
Alekhine's_Gun, Alekhine's Gun
Velocity_2X, Velocity 2X
Another_World_(video_game), Another World
Primal_Carnage:_Extinction, Primal Carnage: Extinction
Mighty_No._9, Mighty No. 9
F1_2016_(video_game), F1 2016
Jotun_(video_game), Jotun
Overlord:_Fellowship_of_Evil, Overlord: Fellowship of Evil
Raven's_Cry_(video_game), Raven's Cry
BioShock_Infinite:_Burial_at_Sea, BioShock Infinite: Burial at Sea
Call_of_Duty_4:_Modern_Warfare, Call of Duty 4: Modern Warfare
Ryu_ga_Gotoku_Ishin!, Ryu ga Gotoku Ishin!
Jenny_LeClue, Jenny LeClue
Enter_the_Dominatrix, Enter the Dominatrix
The_Walking_Dead:_Michonne, The Walking Dead: Michonne
Sentris, Sentris
Drawn_to_Death, Drawn to Death
Grow_Up_(video_game), Grow Up
13_Sentinels:_Aegis_Rim, 13 Sentinels: Aegis Rim
GalGun:_Double_Peace, GalGun: Double Peace
Lifeless_Planet, Lifeless Planet
Salamander_(video_game), Salamander
Resident_Evil_5, Resident Evil 5
Tokyo_42, Tokyo 42
Fat_Princess_Adventures, Fat Princess Adventures
Nuclear_Throne, Nuclear Throne
Kick_&_Fennick, Kick & Fennick
Rise_of_the_Tomb_Raider, Rise of the Tomb Raider
The_Park_(video_game), The Park
Joe_Dever's_Lone_Wolf, Joe Dever's Lone Wolf
MotoGP_14, MotoGP 14
Caladrius_(video_game), Caladrius
Butasan, Butasan
Okage:_Shadow_King, Okage: Shadow King
Lara_Croft_and_the_Temple_of_Osiris, Lara Croft and the Temple of Osiris
Daydreamer_(video_game), Daydreamer
Breach_&_Clear:_Deadline, Breach & Clear: Deadline
Pro_Evolution_Soccer_2015, Pro Evolution Soccer 2015
Horizon_Zero_Dawn, Horizon Zero Dawn
Watch_Dogs, Watch Dogs
Doodle_God, Doodle God
Assassin's_Creed_Syndicate, Assassin's Creed Syndicate
Daylight_(video_game), Daylight
Bastion_(video_game), Bastion
Dying_Light:_The_Following, Dying Light: The Following
Stealth_Bastard, Stealth Bastard
Race_the_Sun_(video_game), Race the Sun
OlliOlli, OlliOlli
Star_Wars:_Jedi_Starfighter, Star Wars: Jedi Starfighter
How_to_Survive_(video_game), How to Survive
Soul_Saga:_Episode_1, Soul Saga: Episode 1
One_Piece:_Pirate_Warriors_3, One Piece: Pirate Warriors 3
Armikrog, Armikrog
Dragon_Quest_Heroes:_The_World_Tree's_Woe_and_the_Blight_Below, Dragon Quest Heroes: The World Tree's Woe and the Blight Below
FIFA_16, FIFA 16
BlazBlue:_Central_Fiction, BlazBlue: Central Fiction
TwinBee, TwinBee
Borderlands:_The_Handsome_Collection, Borderlands: The Handsome Collection
FantaVision, FantaVision
RIGS:_Mechanized_Combat_League, RIGS: Mechanized Combat League
Puyo_Puyo_Tetris, Puyo Puyo Tetris
Don_Bradman_Cricket_14, Don Bradman Cricket 14
Dear_Esther, Dear Esther
MXGP_The_Official_Motocross_Videogame, MXGP The Official Motocross Videogame
Forgotten_Memories:_Alternate_Realities, Forgotten Memories: Alternate Realities
Valkyria:_Azure_Revolution, Valkyria: Azure Revolution
Mordheim:_City_of_the_Damned, Mordheim: City of the Damned
Hatsune_Miku:_Project_DIVA_X, Hatsune Miku: Project DIVA X
Inside_My_Radio, Inside My Radio
We_Sing, We Sing
Kingdom_Hearts_III, Kingdom Hearts III
Shantae:_Half-Genie_Hero, Shantae: Half-Genie Hero
Driveclub, Driveclub
Dungeons_2, Dungeons 2
Akiba's_Trip:_Undead_&_Undressed, Akiba's Trip: Undead & Undressed
DayZ_(video_game), DayZ
Rygar, Rygar
Ironcast, Ironcast
Revenge_of_the_Titans, Revenge of the Titans
Rock_Band_4, Rock Band 4
Don't_Starve, Don't Starve
Geometry_Wars_3:_Dimensions, Geometry Wars 3: Dimensions
Watch_Dogs_2, Watch Dogs 2
Project_CARS, Project CARS
Worms_W.M.D, Worms W.M.D
Star_Force, Star Force
Entwined_(video_game), Entwined
Prototype_2, Prototype 2
Killzone_Shadow_Fall, Killzone Shadow Fall
God_of_War_III, God of War III
Lego_Dimensions, Lego Dimensions
The_Book_of_Unwritten_Tales_2, The Book of Unwritten Tales 2
Skylanders:_Swap_Force, Skylanders: Swap Force
Republique_(video_game), Republique
Kingdom_Come:_Deliverance, Kingdom Come: Deliverance
Neverending_Nightmares, Neverending Nightmares
Titanfall_2, Titanfall 2
Twisted_Metal_(2012_video_game), Twisted Metal
Friday_the_13th:_The_Game, Friday the 13th: The Game
Worms_Battlegrounds, Worms Battlegrounds
Red_Dead_Redemption_2, Red Dead Redemption 2
The_Elder_Scrolls_Online, The Elder Scrolls Online
Sound_Shapes, Sound Shapes
Rayman_Legends, Rayman Legends
H-Hour:_World's_Elite, H-Hour: World's Elite
Dust:_An_Elysian_Tail, Dust: An Elysian Tail
Song_of_the_Deep, Song of the Deep
Neverwinter_(video_game), Neverwinter
Unravel_(video_game), Unravel
Sniper:_Ghost_Warrior_3, Sniper: Ghost Warrior 3
LittleBigPlanet_3, LittleBigPlanet 3
Agents_of_Mayhem, Agents of Mayhem
Final_Horizon, Final Horizon
Call_of_Duty:_Black_Ops_III, Call of Duty: Black Ops III
DmC:_Devil_May_Cry, DmC: Devil May Cry
Ironclad_Tactics, Ironclad Tactics
Kerbal_Space_Program, Kerbal Space Program
Life_Is_Strange, Life Is Strange
The_Technomancer, The Technomancer
Exogenesis:_Perils_of_Rebirth, Exogenesis: Perils of Rebirth
Blood_Bowl_2, Blood Bowl 2
The_King_of_Fighters_XIV, The King of Fighters XIV
Lovers_in_a_Dangerous_Spacetime, Lovers in a Dangerous Spacetime
Three_Fourths_Home, Three Fourths Home
Deadlight, Deadlight
The_Witcher_3:_Wild_Hunt, The Witcher 3: Wild Hunt
Layers_of_Fear, Layers of Fear
Fahrenheit_(2005_video_game), Fahrenheit
Leo's_Fortune, Leo's Fortune
Madden_NFL_16, Madden NFL 16
ZombiU, ZombiU
Curses_'N_Chaos, Curses 'N Chaos
Evolve_(video_game), Evolve
Badiya, Badiya
Transistor_(video_game), Transistor
Freedom_Planet, Freedom Planet
Dead_Rising_2, Dead Rising 2
Exerion, Exerion
Ghost_Theory, Ghost Theory
NHL_16, NHL 16
South_Park:_The_Stick_of_Truth, South Park: The Stick of Truth
The_Unfinished_Swan, The Unfinished Swan
Shadow_Warrior_(2013_video_game), Shadow Warrior
Pathologic, Pathologic
Virginia_(video_game), Virginia
Super_Dodge_Ball, Super Dodge Ball
God_of_War_(upcoming_video_game), God of War (upcoming video game)
No_Man's_Sky, No Man's Sky
Jetpack_Joyride, Jetpack Joyride
The_Last_Blade_2, The Last Blade 2
Tales_of_Berseria, Tales of Berseria
Chroma_Squad, Chroma Squad
Costume_Quest_2, Costume Quest 2
Deus_Ex:_Mankind_Divided, Deus Ex: Mankind Divided
Gwent:_The_Witcher_Card_Game, Gwent: The Witcher Card Game
Middle-earth:_Shadow_of_Mordor, Middle-earth: Shadow of Mordor
Volume_(video_game), Volume
1001_Spikes, 1001 Spikes
EverQuest_Next, EverQuest Next
Lords_of_the_Fallen, Lords of the Fallen
Ronin_(video_game), Ronin
Ghost_of_a_Tale, Ghost of a Tale
Guitar_Hero_Live, Guitar Hero Live
Adventure_Time:_Finn_&_Jake_Investigations, Adventure Time: Finn & Jake Investigations
Project_Phoenix_(video_game), Project Phoenix
Grand_Theft_Auto:_San_Andreas, Grand Theft Auto: San Andreas
SingStar_(PlayStation_3), SingStar (PlayStation 3)
Wander_(video_game), Wander
Just_Dance_2015, Just Dance 2015
The_Swindle_(video_game), The Swindle
Star_Wars_Racer_Revenge, Star Wars Racer Revenge
ELEX, ELEX
Party_Hard_(video_game), Party Hard
Uncharted_2:_Among_Thieves, Uncharted 2: Among Thieves
Ziggurat_(2014_video_game), Ziggurat
Borderlands:_The_Pre-Sequel, Borderlands: The Pre-Sequel
WWE_2K17, WWE 2K17
Anonymous;Code, Anonymous;Code
Assassin's_Creed:_Revelations, Assassin's Creed: Revelations
Farming_Simulator, Farming Simulator
Night_in_the_Woods, Night in the Woods
Psychonauts, Psychonauts
Psycho-Pass:_Mandatory_Happiness, Psycho-Pass: Mandatory Happiness
Styx:_Master_of_Shadows, Styx: Master of Shadows
Sword_Art_Online:_Hollow_Realization, Sword Art Online: Hollow Realization
Transformers:_Fall_of_Cybertron, Transformers: Fall of Cybertron
The_Witcher_3:_Wild_Hunt_-_Blood_and_Wine, The Witcher 3: Wild Hunt - Blood and Wine
Hatoful_Boyfriend, Hatoful Boyfriend
Enter_the_Gungeon, Enter the Gungeon
The_Playroom_(2013_video_game), The Playroom
Constructor_(video_game), Constructor
Root_Letter, Root Letter
Prey_(2017_video_game), Prey
Bombshell_(video_game), Bombshell
Batman:_Arkham_Asylum, Batman: Arkham Asylum
Resident_Evil_(2002_video_game), Resident Evil
Rainbow_Moon, Rainbow Moon
Bound_by_Flame, Bound by Flame
You_Don't_Know_Jack_(video_game_series), You Don't Know Jack (video game series)
EA_Sports_UFC, EA Sports UFC
Skullgirls, Skullgirls
Pix_the_Cat, Pix the Cat
The_Last_of_Us:_Left_Behind, The Last of Us: Left Behind
Pure_Chess, Pure Chess
Super_Star_Wars, Super Star Wars
DJMax_Respect, DJMax Respect
TrackMania_Turbo, TrackMania Turbo
Garou:_Mark_of_the_Wolves, Garou: Mark of the Wolves
The_Banner_Saga_2, The Banner Saga 2
Wolfenstein:_The_Old_Blood, Wolfenstein: The Old Blood
Surgeon_Simulator_2013, Surgeon Simulator 2013
The_Gallery_(video_game), The Gallery
Steins;Gate_0, Steins;Gate 0
Arcania:_Gothic_4, Arcania: Gothic 4
Blues_and_Bullets, Blues and Bullets
Silent_Hills, Silent Hills
Deception_IV:_The_Nightmare_Princess, Deception IV: The Nightmare Princess
BlazBlue:_Chrono_Phantasma, BlazBlue: Chrono Phantasma
The_Crew_(video_game), The Crew
Rogue_Legacy, Rogue Legacy
Escape_Plan_(video_game), Escape Plan
Pixel_Piracy, Pixel Piracy
Prison_Architect, Prison Architect
Grand_Theft_Auto_V, Grand Theft Auto V
NHL_17, NHL 17
The_Witness_(2016_video_game), The Witness
Helldivers, Helldivers
Minecraft:_Story_Mode, Minecraft: Story Mode
Guilty_Gear_Xrd, Guilty Gear Xrd
Assassin's_Creed_Unity, Assassin's Creed Unity
Putty_Squad, Putty Squad
Skylanders:_Trap_Team, Skylanders: Trap Team
Gang_Beasts, Gang Beasts
The_Wild_Eight, The Wild Eight
Starbound, Starbound
Loadout, Loadout
Chaos;Child, Chaos;Child
Nier:_Automata, Nier: Automata
Oddworld:_New_'n'_Tasty!, Oddworld: New 'n' Tasty!
War_Thunder, War Thunder
APB:_All_Points_Bulletin, APB: All Points Bulletin
Flower_(video_game), Flower
Tokyo_Xanadu, Tokyo Xanadu
Spelunky, Spelunky
Nioh, Nioh
Tharsis_(video_game), Tharsis
Amnesia:_A_Machine_for_Pigs, Amnesia: A Machine for Pigs
Abyss_Odyssey, Abyss Odyssey
Unmechanical, Unmechanical
Headlander, Headlander
Resident_Evil_4, Resident Evil 4
Assassin's_Creed_Chronicles, Assassin's Creed Chronicles
Final_Fantasy_VII_Remake, Final Fantasy VII Remake
Sonic_Mania, Sonic Mania
South_Park:_The_Fractured_but_Whole, South Park: The Fractured but Whole
Organ_Trail, Organ Trail
Lego_Harry_Potter:_Years_5-7, Lego Harry Potter: Years 5-7
Super_Meat_Boy, Super Meat Boy
Final_Fantasy_XII, Final Fantasy XII
Galak-Z:_The_Dimensional, Galak-Z: The Dimensional
Gradius_(video_game), Gradius
Dragon_Fantasy, Dragon Fantasy
Job_Simulator, Job Simulator
Pillar_(video_game), Pillar
Mr._Goemon, Mr. Goemon
Pneuma:_Breath_of_Life, Pneuma: Breath of Life
Anima_(series), Anima (series)
Red_Dead_Revolver, Red Dead Revolver
Rugby_15, Rugby 15
Battlefield_4, Battlefield 4
Apotheon, Apotheon
Shenmue_III, Shenmue III
The_Elder_Scrolls_V:_Skyrim, The Elder Scrolls V: Skyrim
Emily_Wants_to_Play, Emily Wants to Play
Murdered:_Soul_Suspect, Murdered: Soul Suspect
Rise_of_the_Kasai, Rise of the Kasai
Final_Fantasy_X/X-2_HD_Remaster, Final Fantasy X/X-2 HD Remaster
Snow_(upcoming_video_game), Snow (upcoming video game)
The_Magic_Circle_(video_game), The Magic Circle
Dissidia_Final_Fantasy_(2015_video_game), Dissidia Final Fantasy
Star_Wars:_Bounty_Hunter, Star Wars: Bounty Hunter
NASCAR_Heat_Evolution, NASCAR Heat Evolution
Dance_Dance_Revolution_SuperNova, Dance Dance Revolution SuperNova
Oceanhorn:_Monster_of_Uncharted_Seas, Oceanhorn: Monster of Uncharted Seas
Vampyr_(video_game), Vampyr
Earthlock:_Festival_of_Magic, Earthlock: Festival of Magic
Dangun_Feveron, Dangun Feveron
Terraria, Terraria
Chivalry:_Medieval_Warfare, Chivalry: Medieval Warfare
Puddle_(video_game), Puddle
The_Order:_1886, The Order: 1886
King's_Quest_(2015_video_game), King's Quest
Clustertruck, Clustertruck
GlowTag, GlowTag
Strike_Suit_Zero, Strike Suit Zero
Diablo_III:_Reaper_of_Souls, Diablo III: Reaper of Souls
Aztez, Aztez
Magicka_2, Magicka 2
Salt_and_Sanctuary, Salt and Sanctuary
Deep_Down_(video_game), Deep Down
God_Eater_2, God Eater 2
Gravity_Ghost, Gravity Ghost
Road_Not_Taken, Road Not Taken
Ether_One, Ether One
Retro_City_Rampage, Retro City Rampage
Syndrome_(video_game), Syndrome
MotoGP_15, MotoGP 15
Invisible,_Inc., Invisible, Inc.
PoxNora, PoxNora
Star_Trek_Online, Star Trek Online
Darksiders_II, Darksiders II
Necropolis_(video_game), Necropolis
F1_2015_(video_game), F1 2015
Homefront:_The_Revolution, Homefront: The Revolution
Mystery_Chronicle:_One_Way_Heroics, Mystery Chronicle: One Way Heroics
The_Last_of_Us, The Last of Us
Bloodborne, Bloodborne
Human_Element, Human Element
Ride_(video_game), Ride
Jazzpunk, Jazzpunk
Doki-Doki_Universe, Doki-Doki Universe
Deception_(series), Deception (series)
Defense_Grid_2, Defense Grid 2
Overcooked, Overcooked
Shadow_Warrior_2, Shadow Warrior 2
Bloodstained:_Ritual_of_the_Night, Bloodstained: Ritual of the Night
Ratchet_&_Clank_(2016_video_game), Ratchet & Clank
Star_Wars_Battlefront_(2015_video_game), Star Wars Battlefront
Hotline_Miami, Hotline Miami
Detroit:_Become_Human, Detroit: Become Human
Digimon_Story:_Cyber_Sleuth, Digimon Story: Cyber Sleuth
Nitroplus_Blasterz:_Heroines_Infinite_Duel, Nitroplus Blasterz: Heroines Infinite Duel
Chinese_Paladin_6, Chinese Paladin 6
Dragon_Fin_Soup, Dragon Fin Soup
Hunt:_Horrors_of_the_Gilded_Age, Hunt: Horrors of the Gilded Age
Cel_Damage, Cel Damage
Hitman_(2016_video_game), Hitman
Armello, Armello
NBA_Live_16, NBA Live 16
Plants_vs._Zombies:_Garden_Warfare_2, Plants vs. Zombies: Garden Warfare 2
Battlefield_1, Battlefield 1
Just_Dance_2014, Just Dance 2014
Batman:_Arkham_City, Batman: Arkham City
QuickDraw_(video_game), QuickDraw
Hand_of_Fate_(video_game), Hand of Fate
Pier_Solar_and_the_Great_Architects, Pier Solar and the Great Architects
Shantae_and_the_Pirate's_Curse, Shantae and the Pirate's Curse
Uncharted:_Drake's_Fortune, Uncharted: Drake's Fortune
Thomas_Was_Alone, Thomas Was Alone
Super_Time_Force, Super Time Force
SteamWorld_Heist, SteamWorld Heist
Colin_McRae_Rally, Colin McRae Rally
Tom_Clancy's_The_Division, Tom Clancy's The Division
Resident_Evil_7:_Biohazard, Resident Evil 7: Biohazard
Absolver, Absolver
Marvel_Puzzle_Quest, Marvel Puzzle Quest
Sebastien_Loeb_Rally_Evo, Sebastien Loeb Rally Evo
Gravity_Rush_2, Gravity Rush 2
Q.U.B.E., Q.U.B.E.
Toren_(video_game), Toren
Moon_Cresta, Moon Cresta
Final_Fantasy_Type-0_HD, Final Fantasy Type-0 HD
Strength_of_the_Sword_3, Strength of the Sword 3
Mighty_Gunvolt, Mighty Gunvolt
Reus_(video_game), Reus
Final_Fantasy_XIV:_Heavensward, Final Fantasy XIV: Heavensward
Destiny_(video_game), Destiny
Lego_Harry_Potter:_Years_1-4, Lego Harry Potter: Years 1-4
Loot_Rascals, Loot Rascals
Metro:_Last_Light, Metro: Last Light
Grim_Fandango, Grim Fandango
Umbrella_Corps, Umbrella Corps
NBA_Live_14, NBA Live 14
Saint_Seiya:_Soldiers'_Soul, Saint Seiya: Soldiers' Soul
Samurai_Warriors:_Sanada_Maru, Samurai Warriors: Sanada Maru
Broken_Age, Broken Age
Romance_of_the_Three_Kingdoms_XIII, Romance of the Three Kingdoms XIII
Dead_Rising_2:_Off_the_Record, Dead Rising 2: Off the Record
Lichdom:_Battlemage, Lichdom: Battlemage
Awesomenauts, Awesomenauts
Broforce, Broforce
Assassin's_Creed:_Brotherhood, Assassin's Creed: Brotherhood
City_Shrouded_in_Shadow, City Shrouded in Shadow
Nights_of_Azure, Nights of Azure
Beyond_Flesh_and_Blood, Beyond Flesh and Blood
Ace_Combat_7, Ace Combat 7
Toukiden:_The_Age_of_Demons, Toukiden: The Age of Demons
Keep_Talking_and_Nobody_Explodes, Keep Talking and Nobody Explodes
Skylanders:_Imaginators, Skylanders: Imaginators
Max_Payne, Max Payne
Unearthed:_Trail_of_Ibn_Battuta, Unearthed: Trail of Ibn Battuta
Tetris_Ultimate, Tetris Ultimate
Fault_Milestone_One, Fault Milestone One
Hatsune_Miku:_Project_DIVA_Arcade, Hatsune Miku: Project DIVA Arcade
Death_Stranding, Death Stranding
Table_Top_Racing, Table Top Racing
Back_to_the_Future:_The_Game, Back to the Future: The Game
Smite_(video_game), Smite
Marvel:_Ultimate_Alliance_2, Marvel: Ultimate Alliance 2
KickBeat, KickBeat
Blacklight:_Retribution, Blacklight: Retribution
Downwell_(video_game), Downwell
Videoball, Videoball
Injustice_2, Injustice 2
Dead_Island_2, Dead Island 2
Never_Alone_(video_game), Never Alone
Metal_Gear_Solid_V:_The_Phantom_Pain, Metal Gear Solid V: The Phantom Pain
Rocket_League, Rocket League
Batman:_Arkham_Knight, Batman: Arkham Knight
AirMech, AirMech
Teenage_Mutant_Ninja_Turtles:_Mutants_in_Manhattan, Teenage Mutant Ninja Turtles: Mutants in Manhattan
Trove_(video_game), Trove
Outlast_2, Outlast 2
Pollen_(video_game), Pollen
Hustle_Kings, Hustle Kings
Saints_Row:_Gat_out_of_Hell, Saints Row: Gat out of Hell
Warhammer_40,000:_Eternal_Crusade, Warhammer 40,000: Eternal Crusade
The_Swapper, The Swapper
Dirt_Rally, Dirt Rally
Air_Conflicts:_Pacific_Carriers, Air Conflicts: Pacific Carriers
Stern_Pinball_Arcade, Stern Pinball Arcade
The_Bridge_(video_game), The Bridge
Dragon_Quest_Builders, Dragon Quest Builders
Crash_Bandicoot_2:_Cortex_Strikes_Back, Crash Bandicoot 2: Cortex Strikes Back
Golem_(video_game), Golem
Dariusburst, Dariusburst
Star_Ocean:_Integrity_and_Faithlessness, Star Ocean: Integrity and Faithlessness
The_Wolf_Among_Us, The Wolf Among Us
Among_the_Sleep, Among the Sleep
Disgaea_5, Disgaea 5
Cyberpunk_2077, Cyberpunk 2077
Inside_(video_game), Inside
Minecraft, Minecraft
CastleStorm, CastleStorm
Lego_The_Hobbit_(video_game), Lego The Hobbit
Dead_or_Alive_Xtreme_3, Dead or Alive Xtreme 3
Stories:_The_Path_of_Destinies, Stories: The Path of Destinies
Crypt_of_the_NecroDancer, Crypt of the NecroDancer
Exist_Archive, Exist Archive
Kholat_(video_game), Kholat
Screencheat, Screencheat
Star_Ocean:_The_Second_Story, Star Ocean: The Second Story
TowerFall, TowerFall
Primal_Carnage:_Genesis, Primal Carnage: Genesis
Alienation_(video_game), Alienation
Contrast_(video_game), Contrast
Goat_Simulator, Goat Simulator
Raiders_of_the_Broken_Planet, Raiders of the Broken Planet
Trine_2, Trine 2
Atelier_Sophie:_The_Alchemist_of_the_Mysterious_Book, Atelier Sophie: The Alchemist of the Mysterious Book
Until_Dawn, Until Dawn
Miegakure, Miegakure
Resogun, Resogun
Attack_on_Titan_(video_game), Attack on Titan
Angry_Birds_Star_Wars, Angry Birds Star Wars
World_of_Tanks, World of Tanks
SpeedRunners, SpeedRunners
NHL_15, NHL 15
Madden_NFL_15, Madden NFL 15
BioShock_2:_Minerva's_Den, BioShock 2: Minerva's Den
Plants_vs._Zombies:_Garden_Warfare, Plants vs. Zombies: Garden Warfare
Fallout_4_downloadable_content, Fallout 4 downloadable content
140_(video_game), 140
Aegis_of_Earth:_Protonovus_Assault, Aegis of Earth: Protonovus Assault
Gran_Turismo_Sport, Gran Turismo Sport
Call_of_Duty:_Ghosts, Call of Duty: Ghosts
Madden_NFL_25, Madden NFL 25
Psychonauts_in_the_Rhombus_of_Ruin, Psychonauts in the Rhombus of Ruin
Stealth_Inc_2:_A_Game_of_Clones, Stealth Inc 2: A Game of Clones
The_Lego_Movie_Videogame, The Lego Movie Videogame
Buzz!_Junior:_Robo_Jam, Buzz! Junior: Robo Jam
Scramble_(video_game), Scramble
Assetto_Corsa, Assetto Corsa
Naruto_Shippuden:_Ultimate_Ninja_Storm_4, Naruto Shippuden: Ultimate Ninja Storm 4
Hammerwatch, Hammerwatch
Dance_Dance_Revolution_Extreme, Dance Dance Revolution Extreme
Knack_(video_game), Knack
Metro_2033_(video_game), Metro 2033
Battleborn_(video_game), Battleborn
Broken_Sword_5:_The_Serpent's_Curse, Broken Sword 5: The Serpent's Curse
BioShock, BioShock
Arcania:_Fall_of_Setarrif, Arcania: Fall of Setarrif
A_Boy_and_His_Blob, A Boy and His Blob
Shadow_Blade:_Reload, Shadow Blade: Reload
Adam's_Venture, Adam's Venture
The_Fall_(video_game), The Fall
Marvel:_Ultimate_Alliance, Marvel: Ultimate Alliance
Dragon_Ball_Xenoverse, Dragon Ball Xenoverse
Akiba's_Beat, Akiba's Beat
Secret_Ponchos, Secret Ponchos
Spider:_Rite_of_the_Shrouded_Moon, Spider: Rite of the Shrouded Moon
Splice_(video_game), Splice
Let_It_Die_(video_game), Let It Die
Bound_(video_game), Bound
Borderlands_2, Borderlands 2
PlanetSide_2, PlanetSide 2
Citizens_of_Earth, Citizens of Earth
VVVVVV, VVVVVV
Sword_Art_Online:_Hollow_Fragment, Sword Art Online: Hollow Fragment
Dead_Island, Dead Island
Phantom_Breaker:_Battle_Grounds, Phantom Breaker: Battle Grounds
Strider_(2014_video_game), Strider
Rory_McIlroy_PGA_Tour, Rory McIlroy PGA Tour
Dragon_Age:_Inquisition, Dragon Age: Inquisition
Resident_Evil_Zero, Resident Evil Zero
Eve:_Valkyrie, Eve: Valkyrie
The_Last_of_Us_Remastered, The Last of Us Remastered
Bully_(video_game), Bully
Omega_Quintet, Omega Quintet
Orcs_Must_Die!_Unchained, Orcs Must Die! Unchained
Livelock_(video_game), Livelock
Metrico, Metrico
Osiris:_New_Dawn, Osiris: New Dawn
Payday_2, Payday 2
Limbo_(video_game), Limbo
Beyond:_Two_Souls, Beyond: Two Souls
Beyond_Eyes, Beyond Eyes
Overwatch_(video_game), Overwatch
Heavy_Rain, Heavy Rain
NBA_2K14, NBA 2K14
MX_vs._ATV_Supercross, MX vs. ATV Supercross
Dead_or_Alive_5_Last_Round, Dead or Alive 5 Last Round
Star_Wars_1313, Star Wars 1313
Chariot_(video_game), Chariot
MLB_14:_The_Show, MLB 14: The Show
Gone_Home, Gone Home
Guns_of_Icarus_Online, Guns of Icarus Online
Dex_(video_game), Dex
Hotline_Miami_2:_Wrong_Number, Hotline Miami 2: Wrong Number
Jamestown:_Legend_of_the_Lost_Colony, Jamestown: Legend of the Lost Colony
Need_for_Speed_Rivals, Need for Speed Rivals
Zen_Pinball_2, Zen Pinball 2
Legacy_of_Kain:_Dead_Sun, Legacy of Kain: Dead Sun
Soul_Axiom, Soul Axiom
Grow_Home, Grow Home
Gradius_II, Gradius II
Chronicles_of_Teddy:_Harmony_of_Exidus, Chronicles of Teddy: Harmony of Exidus
Metal_Gear_Solid_V:_Ground_Zeroes, Metal Gear Solid V: Ground Zeroes
Runner2:_Future_Legend_of_Rhythm_Alien, Runner2: Future Legend of Rhythm Alien
Everybody's_Gone_to_the_Rapture, Everybody's Gone to the Rapture
Sherlock_Holmes:_The_Devil's_Daughter, Sherlock Holmes: The Devil's Daughter
Uno_(video_game), Uno
Lego_Jurassic_World, Lego Jurassic World
Adventures_of_Pip, Adventures of Pip
Call_of_Duty:_Advanced_Warfare, Call of Duty: Advanced Warfare
World_of_Final_Fantasy, World of Final Fantasy
Space_Hulk:_Deathwing, Space Hulk: Deathwing
Saints_Row_IV, Saints Row IV
Shovel_Knight, Shovel Knight
Dead_Rising_(video_game), Dead Rising
Red_Ash:_The_Indelible_Legend, Red Ash: The Indelible Legend
Giana_Sisters:_Twisted_Dreams, Giana Sisters: Twisted Dreams
Onechanbara_Z2:_Chaos, Onechanbara Z2: Chaos
Lego_Batman_3:_Beyond_Gotham, Lego Batman 3: Beyond Gotham
Rez_(video_game), Rez
Alien:_Isolation, Alien: Isolation
Fallout_4:_Nuka-World, Fallout 4: Nuka-World
Forced, Forced
Scivelation, Scivelation
Natsuiro_High_School:_Seishun_Hakusho, Natsuiro High School: Seishun Hakusho
Rabbids_Invasion__:_The_Interactive_TV_Show__1, Rabbids Invasion  : The Interactive TV Show  1
Air_Conflicts:_Vietnam, Air Conflicts: Vietnam
Casey_Powell_Lacrosse_16, Casey Powell Lacrosse 16
PixelJunk_Shooter_2, PixelJunk Shooter 2
BioShock_Infinite, BioShock Infinite
Runemaster_(video_game), Runemaster
Futuridium_EP_Deluxe, Futuridium EP Deluxe
Day_of_the_Tentacle, Day of the Tentacle
H1Z1:_King_of_the_Kill, H1Z1: King of the Kill
JoJo's_Bizarre_Adventure:_Eyes_of_Heaven, JoJo's Bizarre Adventure: Eyes of Heaven
Trials_Fusion, Trials Fusion
God_Wars:_Beyond_Time, God Wars: Beyond Time
Saturday_Morning_RPG, Saturday Morning RPG
Basement_Crawl, Basement Crawl
Berserk_and_the_Band_of_the_Hawk, Berserk and the Band of the Hawk
Steep_(video_game), Steep
Skulls_of_the_Shogun, Skulls of the Shogun
The_Deadly_Tower_of_Monsters, The Deadly Tower of Monsters
Lego_Star_Wars:_The_Force_Awakens, Lego Star Wars: The Force Awakens
Resident_Evil_6, Resident Evil 6
Bladestorm:_The_Hundred_Years'_War, Bladestorm: The Hundred Years' War
Madden_NFL_17, Madden NFL 17
FIFA_17, FIFA 17
Super_Stardust_HD, Super Stardust HD
Naruto:_Ultimate_Ninja, Naruto: Ultimate Ninja
Darksiders, Darksiders
Firewatch, Firewatch
War_of_the_Monsters, War of the Monsters
Oxenfree, Oxenfree
The_Last_Guardian, The Last Guardian
Mass_Effect:_Andromeda, Mass Effect: Andromeda
Victor_Vran, Victor Vran
Metal_Slug_Anthology, Metal Slug Anthology
Elite:_Dangerous, Elite: Dangerous
Final_Fantasy_XIV:_A_Realm_Reborn, Final Fantasy XIV: A Realm Reborn
Dishonored_2, Dishonored 2
Warhammer:_End_Times_-_Vermintide, Warhammer: End Times - Vermintide
Wolfenstein:_The_New_Order, Wolfenstein: The New Order
Seasons_After_Fall, Seasons After Fall
Whore_of_the_Orient, Whore of the Orient
Badland_(video_game), Badland
Plague_Inc:_Evolved, Plague Inc: Evolved
Divinity:_Original_Sin, Divinity: Original Sin
Yooka-Laylee, Yooka-Laylee
Need_for_Speed_(2015_video_game), Need for Speed
Kamen_Rider:_Battride_War, Kamen Rider: Battride War
MLB_The_Show_16, MLB The Show 16
Twisted_Metal:_Black, Twisted Metal: Black
Shantae:_Risky's_Revenge, Shantae: Risky's Revenge
Risk_of_Rain, Risk of Rain
7_Days_to_Die, 7 Days to Die
Fenix_Rage, Fenix Rage
Catlateral_Damage, Catlateral Damage
Lego_Marvel's_Avengers, Lego Marvel's Avengers
Resident_Evil:_Revelations_2, Resident Evil: Revelations 2
Shadow_of_the_Beast_(2016_video_game), Shadow of the Beast
Dengeki_Bunko:_Fighting_Climax, Dengeki Bunko: Fighting Climax
Divekick, Divekick
Krinkle_Krusher, Krinkle Krusher
Wild_Arms_3, Wild Arms 3
Duck_Game, Duck Game
Blazerush, Blazerush
Rebel_Galaxy, Rebel Galaxy
Destiny:_The_Taken_King, Destiny: The Taken King
PaRappa_the_Rapper_2, PaRappa the Rapper 2
Sleeping_Dogs_(video_game), Sleeping Dogs
Tembo_the_Badass_Elephant, Tembo the Badass Elephant
Zodiac:_Orcanon_Odyssey, Zodiac: Orcanon Odyssey
FIFA_14, FIFA 14
For_Honor, For Honor
Dreams_(video_game), Dreams
Dead_Synchronicity, Dead Synchronicity
Pyre_(video_game), Pyre
Tearaway_Unfolded, Tearaway Unfolded
Paragon_(video_game), Paragon
Hyper_Light_Drifter, Hyper Light Drifter
Thief_(2014_video_game), Thief
Hohokum, Hohokum
Samurai_Warriors_4, Samurai Warriors 4
Gauntlet_(2014_video_game), Gauntlet
Warframe, Warframe
Adrift_(video_game), Adrift
Uncharted_Waters_Online, Uncharted Waters Online
Dishonored, Dishonored
Fairy_Fencer_F, Fairy Fencer F
Transformers:_Devastation, Transformers: Devastation
Syberia_III, Syberia III
Tom_Clancy's_Ghost_Recon_Wildlands, Tom Clancy's Ghost Recon Wildlands
Kung_Fu_Panda:_Showdown_of_Legendary_Legends, Kung Fu Panda: Showdown of Legendary Legends
Not_A_Hero, Not A Hero
Darkest_Dungeon, Darkest Dungeon
Total_Miner, Total Miner
DC_Universe_Online, DC Universe Online
Lone_Survivor_(video_game), Lone Survivor
Pro_Evolution_Soccer_2017, Pro Evolution Soccer 2017
Afro_Samurai_2, Afro Samurai 2
Final_Fantasy_XV, Final Fantasy XV
Urban_Legend_in_Limbo, Urban Legend in Limbo
BioShock_2, BioShock 2
Days_Gone, Days Gone
Mistborn:_Birthright, Mistborn: Birthright
Shadow_Complex, Shadow Complex
Just_Dance_2016, Just Dance 2016
Flow_(video_game), Flow
Earth_Defense_Force_2025, Earth Defense Force 2025
Full_Throttle_(1995_video_game), Full Throttle
J-Stars_Victory_VS, J-Stars Victory VS
One_Piece:_Burning_Blood, One Piece: Burning Blood
Beach_Buggy_Racing, Beach Buggy Racing
Dragon_Quest_X, Dragon Quest X
Pro_Evolution_Soccer_2016, Pro Evolution Soccer 2016
The_Peanuts_Movie:_Snoopy's_Grand_Adventure, The Peanuts Movie: Snoopy's Grand Adventure
Wasteland_2, Wasteland 2
Torment:_Tides_of_Numenera, Torment: Tides of Numenera
Sniper_Elite_III, Sniper Elite III
Rocksmith_2014, Rocksmith 2014
Abzu_(video_game), Abzu
Kingdom_Hearts_HD_2.8_Final_Chapter_Prologue, Kingdom Hearts HD 2.8 Final Chapter Prologue
Hard_Reset, Hard Reset
Rain_World, Rain World
Thumper_(video_game), Thumper
Qbert, Qbert
Fallout_4, Fallout 4
Mercenary_Kings, Mercenary Kings
The_Talos_Principle, The Talos Principle
FIFA_15, FIFA 15
Mount_&_Blade:_Warband, Mount & Blade: Warband
Assassin's_Creed_II, Assassin's Creed II
The_Evil_Within, The Evil Within
The_Escapists, The Escapists
Fate/Extella:_The_Umbral_Star, Fate/Extella: The Umbral Star
BioShock:_The_Collection, BioShock: The Collection
Megaton_Rainfall, Megaton Rainfall
Skylanders:_SuperChargers, Skylanders: SuperChargers
Summon_Night_6, Summon Night 6
Winning_Post_World_8, Winning Post World 8
Disney_Infinity_3.0, Disney Infinity 3.0
EA_Sports_UFC_2, EA Sports UFC 2
The_Binding_of_Isaac:_Rebirth, The Binding of Isaac: Rebirth
Titanic:_Honor_and_Glory, Titanic: Honor and Glory
Sengoku_Basara_4, Sengoku Basara 4
Just_Dance_2017, Just Dance 2017
Hawken_(video_game), Hawken
NBA_Live_15, NBA Live 15
PixelJunk_Shooter, PixelJunk Shooter
SteamWorld_Dig, SteamWorld Dig
Submerged_(video_game), Submerged
Electronic_Super_Joy, Electronic Super Joy
Mafia_III, Mafia III
Ghostbusters_(2016_video_game), Ghostbusters
MLB_15:_The_Show, MLB 15: The Show
Tom_Clancy's_Rainbow_Six_Siege, Tom Clancy's Rainbow Six Siege
Dynasty_Warriors_8, Dynasty Warriors 8
Outlast, Outlast
Target_Earth_(video_game), Target Earth
Injustice:_Gods_Among_Us, Injustice: Gods Among Us
The_King_of_Fighters_2000, The King of Fighters 2000
Dangerous_Golf, Dangerous Golf
Dance_Dance_Revolution_X2, Dance Dance Revolution X2
Read_Only_Memories, Read Only Memories
Rugby_League_Live_3, Rugby League Live 3
Furi, Furi
Stash:_No_Loot_Left_Behind, Stash: No Loot Left Behind
Journey_(2012_video_game), Journey
Grand_Kingdom, Grand Kingdom
Natural_Doctrine, Natural Doctrine
Street_Fighter_IV, Street Fighter IV
Tricky_Towers, Tricky Towers
P.T._(video_game), P.T.
Mother_Russia_Bleeds, Mother Russia Bleeds
Doom_(2016_video_game), Doom
Legend_of_Kay, Legend of Kay
Tony_Hawk's_Pro_Skater_5, Tony Hawk's Pro Skater 5
Dead_Nation, Dead Nation
Phantasy_Star_Online_2, Phantasy Star Online 2
Aragami_(video_game), Aragami
N++, N++
Ark:_Survival_Evolved, Ark: Survival Evolved
Nidhogg_(video_game), Nidhogg
Steins;Gate, Steins;Gate
The_Witch_and_the_Hundred_Knight, The Witch and the Hundred Knight
Trine_(video_game), Trine
Trine_3:_The_Artifacts_of_Power, Trine 3: The Artifacts of Power
Duelyst, Duelyst
Crimsonland, Crimsonland
Earth_No_More, Earth No More
Final_Fantasy_VII, Final Fantasy VII
Killing_Floor_2, Killing Floor 2
Adventure_Capitalist, Adventure Capitalist
Peggle_2, Peggle 2
Super_Motherload, Super Motherload
Toy_Soldiers:_War_Chest, Toy Soldiers: War Chest
Uncharted_4:_A_Thief's_End, Uncharted 4: A Thief's End
Dragon_Quest_XI, Dragon Quest XI
NBA_2K15, NBA 2K15
Devil_May_Cry_4, Devil May Cry 4
Mortal_Kombat_X, Mortal Kombat X
Dark_Souls_II, Dark Souls II
Blade_Arcus_from_Shining, Blade Arcus from Shining
Axiom_Verge, Axiom Verge
The_Witcher_3:_Wild_Hunt_-_Hearts_of_Stone, The Witcher 3: Wild Hunt - Hearts of Stone
XCOM_2, XCOM 2
Batman:_The_Telltale_Series, Batman: The Telltale Series
Crash_Bandicoot:_Warped, Crash Bandicoot: Warped
Battle_Garegga, Battle Garegga
Risen_3:_Titan_Lords, Risen 3: Titan Lords
Metal_Slug_3, Metal Slug 3
Warriors_Orochi_3, Warriors Orochi 3
Deadpool_(video_game), Deadpool
The_Walking_Dead:_Season_Two, The Walking Dead: Season Two
Pac-Man_Championship_Edition_2, Pac-Man Championship Edition 2
Bubble_Bobble, Bubble Bobble
Fez_(video_game), Fez
Guacamelee!, Guacamelee!
Mad_Max_(2015_video_game), Mad Max
Rime_(video_game), Rime
Soma_(video_game), Soma
Persona_5, Persona 5
Nano_Assault_Neo, Nano Assault Neo
Gravity_Rush, Gravity Rush
Fallout_4:_Far_Harbor, Fallout 4: Far Harbor
Slender:_The_Arrival, Slender: The Arrival
Destiny_post-release_content, Destiny post-release content
Rugby_Challenge_3, Rugby Challenge 3
OlliOlli2:_Welcome_to_Olliwood, OlliOlli2: Welcome to Olliwood
Hellraid, Hellraid
Odin_Sphere, Odin Sphere
Dragon_Ball_Xenoverse_2, Dragon Ball Xenoverse 2
Roundabout_(video_game), Roundabout
McDroid, McDroid
Far_Cry_4, Far Cry 4
Street_Fighter_V, Street Fighter V
Super_Mega_Baseball, Super Mega Baseball
Tales_of_Zestiria, Tales of Zestiria
The_Tomorrow_Children, The Tomorrow Children
The_Walking_Dead_(video_game), The Walking Dead
Call_of_Duty:_Infinite_Warfare, Call of Duty: Infinite Warfare
CounterSpy_(video_game), CounterSpy
Crazy_Climber, Crazy Climber
Valkyria_Chronicles, Valkyria Chronicles
Prototype_(video_game), Prototype
Paranautical_Activity, Paranautical Activity
Titan_Souls, Titan Souls
Godzilla_(2014_video_game), Godzilla
Unepic, Unepic
Attractio, Attractio
Lego_Marvel_Super_Heroes, Lego Marvel Super Heroes
Digimon_World:_Next_Order, Digimon World: Next Order
Dreamfall_Chapters:_The_Longest_Journey, Dreamfall Chapters: The Longest Journey
Battalion_1944, Battalion 1944
Crash_Bandicoot_Remastered_Collection, Crash Bandicoot Remastered Collection
Megadimension_Neptunia_VII, Megadimension Neptunia VII
Psychonauts_2, Psychonauts 2
The_Idolmaster_Platinum_Stars, The Idolmaster Platinum Stars
Battlefield_Hardline, Battlefield Hardline
Brunswick_Pro_Bowling, Brunswick Pro Bowling
Just_Cause_3, Just Cause 3
Sherlock_Holmes:_Crimes_&_Punishments, Sherlock Holmes: Crimes & Punishments
Destiny:_Rise_of_Iron, Destiny: Rise of Iron
Tales_from_the_Borderlands, Tales from the Borderlands
The_Forest_(video_game), The Forest
WWE_2K15, WWE 2K15
Hellblade:_Senua's_Sacrifice, Hellblade: Senua's Sacrifice
Sword_Art_Online:_Lost_Song, Sword Art Online: Lost Song
Diablo_III, Diablo III
Hitman_Go, Hitman Go
The_Banner_Saga, The Banner Saga
Dying_Light, Dying Light
Octodad:_Dadliest_Catch, Octodad: Dadliest Catch
Xeodrifter, Xeodrifter
Prodigy_(video_game), Prodigy
Don_Bradman_Cricket_17, Don Bradman Cricket 17
Grand_Theft_Auto_Online, Grand Theft Auto Online
Toki_Tori_2, Toki Tori 2
Brothers:_A_Tale_of_Two_Sons, Brothers: A Tale of Two Sons
The_Pinball_Arcade, The Pinball Arcade
Assassin's_Creed_IV:_Black_Flag, Assassin's Creed IV: Black Flag
Little_Nightmares, Little Nightmares
Tomb_Raider_(2013_video_game), Tomb Raider
